features,feature_importance
inp_quantity,0.8525546140561802
mill_a_power,0.058937009287017506
mill_a_load,0.02271604160994602
mill_b_power,0.021370508977305466
inp_avg_hardness,0.017837571280535237
cu_content,0.01105954743867062
mill_b_load,0.006428499767361121
dummy_feature_tag,0.005995460227569093
on_off_mill_a,0.0031007473554147394
