metrics,value
mae,17.543890851982724
rmse,30.304718410678724
mse,918.3759579505299
mape,13.682697266467208
r2,0.9895153125428413
var_score,0.9895155844199823
